model,baseline_log_loss,tuned_log_loss,baseline_top1,tuned_top1,baseline_ece,tuned_ece
logistic,0.18075410558320787,0.1128830429669759,0.990125,0.988375,0.1400732992752335,0.07905534137478841
randomForest,0.15016195260768556,0.06825799440817037,0.990375,0.98575,0.10948331191017112,0.03122375654310301
gradientBoosting,0.0805932500324542,0.06031990271589085,0.979,0.983625,0.007868382785910365,0.0016292994275574888
ensemble,0.07130150905075293,0.04719817160313072,0.992875,0.984875,0.05072629424062777,0.009254135242440842
