{
  "model": {
    "trainedAt": "2026-05-23T19:10:35Z",
    "sampleCount": 10000,
    "featureCount": 94,
    "classCount": 31,
    "ladderEntryCount": 42,
    "dataSource": "synthetic-profile-bootstrap-level-aware:10000",
    "modelVersion": 3
  },
  "split": {
    "train": 8000,
    "validation": 1000,
    "hardValidation": 550,
    "test": 1000
  },
  "ensembleWeights": {
    "logistic": 0.01,
    "randomForest": 0.2,
    "gradientBoosting": 0.79
  },
  "evaluation": {
    "logistic": {
      "sampleCount": 1000,
      "top1": 0.984,
      "top3": 0.997,
      "logLoss": 0.10807583879548657,
      "brier": 0.038879713540979854,
      "ece": 0.06961057075037741
    },
    "randomForest": {
      "sampleCount": 1000,
      "top1": 0.985,
      "top3": 1.0,
      "logLoss": 0.06475688585445616,
      "brier": 0.029369125956545738,
      "ece": 0.02692112748002248
    },
    "gradientBoosting": {
      "sampleCount": 1000,
      "top1": 0.979,
      "top3": 0.999,
      "logLoss": 0.053500773197158645,
      "brier": 0.028402094856957674,
      "ece": 0.008830268836575504
    },
    "ensemble": {
      "sampleCount": 1000,
      "top1": 0.982,
      "top3": 1.0,
      "logLoss": 0.04818919754388388,
      "brier": 0.025150677379592784,
      "ece": 0.009905204003554095
    }
  },
  "validationComparison": {
    "baseline": {
      "logistic": {
        "sampleCount": 1000,
        "top1": 0.985,
        "top3": 0.999,
        "logLoss": 0.10611851275380892,
        "brier": 0.03695214985964089,
        "ece": 0.06659168763813707
      },
      "randomForest": {
        "sampleCount": 1000,
        "top1": 0.989,
        "top3": 1.0,
        "logLoss": 0.0678922077890827,
        "brier": 0.028700665591423653,
        "ece": 0.03717769965434192
      },
      "gradientBoosting": {
        "sampleCount": 1000,
        "top1": 0.985,
        "top3": 0.998,
        "logLoss": 0.042158814572292196,
        "brier": 0.019146718091582544,
        "ece": 0.007362020271626419
      },
      "ensemble": {
        "sampleCount": 1000,
        "top1": 0.986,
        "top3": 1.0,
        "logLoss": 0.03893039941922231,
        "brier": 0.017381808219217778,
        "ece": 0.017033283935641963
      }
    },
    "hard": {
      "logistic": {
        "sampleCount": 550,
        "top1": 0.9763636363636363,
        "top3": 0.9981818181818182,
        "logLoss": 0.1316071104810439,
        "brier": 0.05061743038655113,
        "ece": 0.0696600605960323
      },
      "randomForest": {
        "sampleCount": 550,
        "top1": 0.98,
        "top3": 1.0,
        "logLoss": 0.11785404919161149,
        "brier": 0.050929357887612874,
        "ece": 0.06248365842182355
      },
      "gradientBoosting": {
        "sampleCount": 550,
        "top1": 0.9727272727272728,
        "top3": 0.9963636363636363,
        "logLoss": 0.07587237913037491,
        "brier": 0.034662072394133374,
        "ece": 0.0135092808499951
      },
      "ensemble": {
        "sampleCount": 550,
        "top1": 0.9745454545454545,
        "top3": 1.0,
        "logLoss": 0.06854475854238869,
        "brier": 0.03137104213398858,
        "ece": 0.02882327504204226
      }
    }
  },
  "confidenceCalibration": {
    "binCount": 12,
    "fallbackAccuracy": 0.986,
    "bins": [
      {
        "min": 0.0,
        "max": 0.08333333333333333,
        "count": 0,
        "accuracy": 0.0,
        "avgConfidence": 0.0
      },
      {
        "min": 0.08333333333333333,
        "max": 0.16666666666666666,
        "count": 0,
        "accuracy": 0.0,
        "avgConfidence": 0.0
      },
      {
        "min": 0.16666666666666666,
        "max": 0.25,
        "count": 0,
        "accuracy": 0.0,
        "avgConfidence": 0.0
      },
      {
        "min": 0.25,
        "max": 0.3333333333333333,
        "count": 1,
        "accuracy": 0.0,
        "avgConfidence": 0.2590191498373968
      },
      {
        "min": 0.3333333333333333,
        "max": 0.4166666666666667,
        "count": 3,
        "accuracy": 0.6666666666666666,
        "avgConfidence": 0.3587990099902894
      },
      {
        "min": 0.4166666666666667,
        "max": 0.5,
        "count": 6,
        "accuracy": 0.3333333333333333,
        "avgConfidence": 0.46627201649796685
      },
      {
        "min": 0.5,
        "max": 0.5833333333333334,
        "count": 4,
        "accuracy": 0.25,
        "avgConfidence": 0.5578328270556074
      },
      {
        "min": 0.5833333333333334,
        "max": 0.6666666666666666,
        "count": 7,
        "accuracy": 0.5714285714285714,
        "avgConfidence": 0.6122811990419459
      },
      {
        "min": 0.6666666666666666,
        "max": 0.75,
        "count": 6,
        "accuracy": 0.8333333333333334,
        "avgConfidence": 0.7131725199934676
      },
      {
        "min": 0.75,
        "max": 0.8333333333333334,
        "count": 10,
        "accuracy": 0.9,
        "avgConfidence": 0.8111884179373275
      },
      {
        "min": 0.8333333333333334,
        "max": 0.9166666666666666,
        "count": 37,
        "accuracy": 1.0,
        "avgConfidence": 0.8788177867860281
      },
      {
        "min": 0.9166666666666666,
        "max": 1.0,
        "count": 926,
        "accuracy": 1.0,
        "avgConfidence": 0.9943046525367906
      }
    ]
  },
  "hardValidation": {
    "source": "validation",
    "selectedCount": 550,
    "availableCount": 1000,
    "selectionMode": "hardness-ranked",
    "avgHardness": 8.453987832026215,
    "maxHardness": 11.130302039659158,
    "minHardness": 6.6503895657489815,
    "tagCounts": {
      "mixed_signal": 458,
      "shared_foundation": 199,
      "shared_foundation_role": 171,
      "stretch_fit": 295,
      "high_level_profile": 233,
      "same_family_neighbor": 198,
      "strategic_profile": 287,
      "cross_path_neighbor": 111,
      "upper_level_typical": 141,
      "same_path_adjacent": 42
    }
  },
  "tuning": {
    "cvFolds": 3,
    "scoringMetric": "neg_log_loss",
    "models": {
      "logistic": {
        "searchSource": "train_cv",
        "searchSkipped": false,
        "bestParams": {
          "C": 4.0,
          "class_weight": null
        },
        "bestScore": 0.11288285300264518,
        "candidateCount": 10
      },
      "randomForest": {
        "searchSource": "train_cv",
        "searchSkipped": false,
        "bestParams": {
          "n_estimators": 320,
          "min_samples_split": 4,
          "min_samples_leaf": 2,
          "max_features": 0.8,
          "max_depth": 16
        },
        "bestScore": 0.06825787966200055,
        "candidateCount": 12
      },
      "gradientBoosting": {
        "searchSource": "train_cv",
        "searchSkipped": false,
        "bestParams": {
          "subsample": 0.7,
          "n_estimators": 160,
          "min_samples_split": 2,
          "min_samples_leaf": 2,
          "max_depth": 3,
          "learning_rate": 0.05
        },
        "bestScore": 0.06031773986615235,
        "candidateCount": 10
      }
    },
    "ensemble": {
      "searchSource": "train_oof",
      "searchSkipped": false,
      "defaultWeights": {
        "logistic": 0.35,
        "randomForest": 0.45,
        "gradientBoosting": 0.2
      },
      "bestWeights": {
        "logistic": 0.01,
        "randomForest": 0.2,
        "gradientBoosting": 0.79
      },
      "candidateCount": 407
    }
  },
  "topFeatureImportances": [
    {
      "featureIndex": 57,
      "featureKey": "product_management",
      "featureLabel": "Product Management",
      "logistic": 1.0,
      "randomForest": 0.8536050038723837,
      "gradientBoosting": 1.0,
      "ensemble": 1.0
    },
    {
      "featureIndex": 16,
      "featureKey": "cyber_and_data_breach_incident_management",
      "featureLabel": "Cyber and Data Breach Incident Management",
      "logistic": 0.5913976713695505,
      "randomForest": 0.22057613471138318,
      "gradientBoosting": 0.8529049378510829,