fraction,train_samples,unique_labels,validation_top1,validation_logLoss,hard_validation_top1,hard_validation_logLoss,test_top1,test_top3,test_logLoss,test_brier,test_ece,ensemble_weight_logistic,ensemble_weight_random_forest,ensemble_weight_gradient_boosting
0.1,800,31,0.972,0.14524440443071465,0.9527272727272728,0.21777018484320626,0.972,1.0,0.13701603834983878,0.05668898577663869,0.06298268435577506,0.0,0.64,0.36
0.25,2000,31,0.981,0.07361242192262146,0.9672727272727273,0.1212896353864225,0.976,1.0,0.08120457762348987,0.037908559577648014,0.01635078053196999,0.0,0.34,0.66
0.5,4000,31,0.982,0.05202636669904775,0.9672727272727273,0.08980583607788961,0.986,1.0,0.05210173095893922,0.023334119357534152,0.013964172603414437,0.01,0.23,0.76
0.75,6000,31,0.986,0.04548015261550854,0.9745454545454545,0.08038677874446638,0.984,1.0,0.04900873459165308,0.025231196524704944,0.011403329103276523,0.0,0.21,0.79
1.0,8000,31,0.986,0.03893039941922231,0.9745454545454545,0.06854475854238869,0.982,1.0,0.04818919754388388,0.025150677379592784,0.009905204003554095,0.01,0.2,0.79
