fraction,train_samples,unique_labels,validation_top1,validation_logLoss,hard_validation_top1,hard_validation_logLoss,test_top1,test_top3,test_logLoss,test_brier,test_ece,ensemble_weight_logistic,ensemble_weight_random_forest,ensemble_weight_gradient_boosting
0.1,800,31,0.953,0.2706308927781416,0.9236363636363636,0.3525511713189382,0.958,0.999,0.24782249143562202,0.09151048359253691,0.13185145341868373,0.13043478260869562,0.3913043478260869,0.47826086956521735
0.25,2000,31,0.969,0.1437384628535511,0.9454545454545454,0.20631278631973177,0.97,1.0,0.14494473443867104,0.05574599276613499,0.05576627528419843,0.11538461538461538,0.11538461538461538,0.7692307692307692
0.5,4000,31,0.982,0.09809747330633904,0.9672727272727273,0.14812831610490731,0.983,1.0,0.08832030560307239,0.030504821515262192,0.04152213844901131,0.11538461538461538,0.11538461538461538,0.7692307692307692
0.75,6000,31,0.985,0.08774825676931519,0.9745454545454545,0.1351286412508553,0.982,1.0,0.08374317773903561,0.03190321337566902,0.040565459222245304,0.11538461538461538,0.11538461538461538,0.7692307692307692
1.0,8000,31,0.986,0.07655057598830126,0.9745454545454545,0.11841399658581095,0.985,1.0,0.07827190595688421,0.029767612956856693,0.034325710545068264,0.11538461538461538,0.11538461538461538,0.7692307692307692
